Location,Name,Callsign,Frequency,Duplex,Offset,Tone,rToneFreq,cToneFreq,DtcsCode,DtcsPolarity,Mode,TStep,Skip,Comment,URCALL,RPT1CALL,RPT2CALL,DVCODE
1,U PENN,KFE659,462,,0,,88.5,88.5,23,NN,FM,5,,UNIVERSITY OF PENNSYLVANIA,,,,
2,U PENN,KFE659,464.3625,,0,,88.5,88.5,23,NN,FM,5,,UNIVERSITY OF PENNSYLVANIA,,,,
3,PHILLY,KGF587,453.05,,0,,88.5,88.5,23,NN,FM,5,,"PHILADELPHIA, CITY OF",,,,
4,PHILLY,KGF587,453.15,,0,,88.5,88.5,23,NN,FM,5,,"PHILADELPHIA, CITY OF",,,,
5,PHILLY,KGF587,453.2,,0,,88.5,88.5,23,NN,FM,5,,"PHILADELPHIA, CITY OF",,,,
6,PHILLY,KGF587,453.25,,0,,88.5,88.5,23,NN,FM,5,,"PHILADELPHIA, CITY OF",,,,
7,PHILLY,KGF587,453.3,,0,,88.5,88.5,23,NN,FM,5,,"PHILADELPHIA, CITY OF",,,,
8,PHILLY,KGF587,453.35,,0,,88.5,88.5,23,NN,FM,5,,"PHILADELPHIA, CITY OF",,,,
9,PHILLY,KGF587,453.4,,0,,88.5,88.5,23,NN,FM,5,,"PHILADELPHIA, CITY OF",,,,
10,PHILLY,KGF587,453.5,,0,,88.5,88.5,23,NN,FM,5,,"PHILADELPHIA, CITY OF",,,,
11,PHILLY,KGF587,453.55,,0,,88.5,88.5,23,NN,FM,5,,"PHILADELPHIA, CITY OF",,,,
12,PHILLY,KGF587,453.6,,0,,88.5,88.5,23,NN,FM,5,,"PHILADELPHIA, CITY OF",,,,
13,PHILLY,KGF587,453.65,,0,,88.5,88.5,23,NN,FM,5,,"PHILADELPHIA, CITY OF",,,,
14,PHILLY,KGF587,453.75,,0,,88.5,88.5,23,NN,FM,5,,"PHILADELPHIA, CITY OF",,,,
15,PHILLY,KGF587,453.8,,0,,88.5,88.5,23,NN,FM,5,,"PHILADELPHIA, CITY OF",,,,
16,PHILLY,KGF587,453.95,,0,,88.5,88.5,23,NN,FM,5,,"PHILADELPHIA, CITY OF",,,,
17,PHILLY,KGF587,460.15,,0,,88.5,88.5,23,NN,FM,5,,"PHILADELPHIA, CITY OF",,,,
18,PHILLY,KGF587,460.25,,0,,88.5,88.5,23,NN,FM,5,,"PHILADELPHIA, CITY OF",,,,
19,PHILLY,KGF587,460.35,,0,,88.5,88.5,23,NN,FM,5,,"PHILADELPHIA, CITY OF",,,,
20,PHILLY,KGF916,160.71,,0,,88.5,88.5,23,NN,FM,5,,PENN CENTRAL COMMUNICATIONS (CONRAIL),,,,
21,CSX TRN,KGG667,160.23,,0,,88.5,88.5,23,NN,FM,5,,CSX TRANSPORTATION INC,,,,
22,CSX TRN,KGG667,160.53,,0,,88.5,88.5,23,NN,FM,5,,CSX TRANSPORTATION INC,,,,
23,CSX TRN,KGG667,160.545,,0,,88.5,88.5,23,NN,FM,5,,CSX TRANSPORTATION INC,,,,
24,CSX TRN,KGG667,160.785,,0,,88.5,88.5,23,NN,FM,5,,CSX TRANSPORTATION INC,,,,
25,CSX TRN,KGG667,160.875,,0,,88.5,88.5,23,NN,FM,5,,CSX TRANSPORTATION INC,,,,
26,CSX TRN,KGG667,160.965,,0,,88.5,88.5,23,NN,FM,5,,CSX TRANSPORTATION INC,,,,
27,CSX TRN,KGG667,161.1,,0,,88.5,88.5,23,NN,FM,5,,CSX TRANSPORTATION INC,,,,
28,NA RAIL,KGX343,160.8,,0,,88.5,88.5,23,NN,FM,5,,National Railroad Passenger Corporation,,,,
29,NA RAIL,KGX343,160.92,,0,,88.5,88.5,23,NN,FM,5,,National Railroad Passenger Corporation,,,,
30,NA RAIL,KIL231,161.295,,0,,88.5,88.5,23,NN,FM,5,,National Railroad Passenger Corporation,,,,
31,DREXEL,KLZ411,451.275,,0,,88.5,88.5,23,NN,FM,5,,DREXEL UNIVERSITY,,,,
32,DREXEL,KLZ411,452.45,,0,,88.5,88.5,23,NN,FM,5,,DREXEL UNIVERSITY,,,,
33,DREXEL,KLZ411,452.5125,,0,,88.5,88.5,23,NN,FM,5,,DREXEL UNIVERSITY,,,,
34,DREXEL,KLZ411,462.0125,,0,,88.5,88.5,23,NN,FM,5,,DREXEL UNIVERSITY,,,,
35,DREXEL,KLZ411,462.05,,0,,88.5,88.5,23,NN,FM,5,,DREXEL UNIVERSITY,,,,
36,DREXEL,KLZ411,462.2125,,0,,88.5,88.5,23,NN,FM,5,,DREXEL UNIVERSITY,,,,
37,DREXEL,KLZ411,464.3125,,0,,88.5,88.5,23,NN,FM,5,,DREXEL UNIVERSITY,,,,
38,DREXEL,KLZ411,464.6125,,0,,88.5,88.5,23,NN,FM,5,,DREXEL UNIVERSITY,,,,
39,TRI INC,KNHD653,456.825,,0,,88.5,88.5,23,NN,FM,5,,TRAP ROCK INDUSTRIES INC,,,,
40,U PENN,KNT249,508.2625,,0,,88.5,88.5,23,NN,FM,5,,University of Pennsylvania,,,,
41,U PENN,KNT249,511.2625,,0,,88.5,88.5,23,NN,FM,5,,University of Pennsylvania,,,,
42,NA RAIL,KQ6507,173.325,,0,,88.5,88.5,23,NN,FM,5,,National Railroad Passenger Corporation,,,,
43,CSX TRN,KXS238,156.45,,0,,88.5,88.5,23,NN,FM,5,,CSX TRANSPORTATION,,,,
44,CSX TRN,KXS238,156.65,,0,,88.5,88.5,23,NN,FM,5,,CSX TRANSPORTATION,,,,
45,CSX TRN,KXS238,156.8,,0,,88.5,88.5,23,NN,FM,5,,CSX TRANSPORTATION,,,,
46,COMMPAT,WIG817,502.4625,,0,,88.5,88.5,23,NN,FM,5,,"Commpaths, LLC",,,,
47,UPENN P,WII478,506.9625,,0,,88.5,88.5,23,NN,FM,5,,UNIVERSITY OF PENNSYLVANIA PHYSICAL PLANT,,,,
48,U PENN,WII480,506.9875,,0,,88.5,88.5,23,NN,FM,5,,UNIVERSITY OF PENNSYLVANIA,,,,
49,U PENN,WII480,507.2625,,0,,88.5,88.5,23,NN,FM,5,,UNIVERSITY OF PENNSYLVANIA,,,,
50,U PENN,WII480,508.9125,,0,,88.5,88.5,23,NN,FM,5,,UNIVERSITY OF PENNSYLVANIA,,,,
51,HOMAN,WIK575,500.7625,,0,,88.5,88.5,23,NN,FM,5,,Homan Communications Inc.,,,,
52,HOMAN,WIK575,501.925,,0,,88.5,88.5,23,NN,FM,5,,Homan Communications Inc.,,,,
53,HOMAN,WIK575,501.95,,0,,88.5,88.5,23,NN,FM,5,,Homan Communications Inc.,,,,
54,HOMAN,WIK575,502.2,,0,,88.5,88.5,23,NN,FM,5,,Homan Communications Inc.,,,,
55,HOMAN,WIK575,502.2125,,0,,88.5,88.5,23,NN,FM,5,,Homan Communications Inc.,,,,
56,HOMAN,WIK575,502.225,,0,,88.5,88.5,23,NN,FM,5,,Homan Communications Inc.,,,,
57,SEPTA,WNCM834,160.35,,0,,88.5,88.5,23,NN,FM,5,,SOUTHEASTERN PENNSYLVANIA TRANSPORTATION AUTHORITY,,,,
58,SEPTA,WNCM834,160.395,,0,,88.5,88.5,23,NN,FM,5,,SOUTHEASTERN PENNSYLVANIA TRANSPORTATION AUTHORITY,,,,
59,NA RAIL,WNDG691,160.455,,0,,88.5,88.5,23,NN,FM,5,,National Railroad Passenger Corporation,,,,
60,SEPTA,WNFX547,160.29,,0,,88.5,88.5,23,NN,FM,5,,SOUTHEASTERN PENNSYLVANIA TRANSPORTATION AUTHORITY,,,,
61,SEPTA,WNFX547,160.35,,0,,88.5,88.5,23,NN,FM,5,,SOUTHEASTERN PENNSYLVANIA TRANSPORTATION AUTHORITY,,,,
62,SEPTA,WNFX547,160.8,,0,,88.5,88.5,23,NN,FM,5,,SOUTHEASTERN PENNSYLVANIA TRANSPORTATION AUTHORITY,,,,
63,SEPTA,WNFX547,161.07,,0,,88.5,88.5,23,NN,FM,5,,SOUTHEASTERN PENNSYLVANIA TRANSPORTATION AUTHORITY,,,,
64,PENNMED,WNNI922,155.34,,0,,88.5,88.5,23,NN,FM,5,,PENN Medicine DBA PennSTAR Flight,,,,
65,PENNMED,WNNI922,155.355,,0,,88.5,88.5,23,NN,FM,5,,PENN Medicine DBA PennSTAR Flight,,,,
66,PENNMED,WNNI922,155.385,,0,,88.5,88.5,23,NN,FM,5,,PENN Medicine DBA PennSTAR Flight,,,,
67,PENNMED,WNNI922,155.4,,0,,88.5,88.5,23,NN,FM,5,,PENN Medicine DBA PennSTAR Flight,,,,
68,BUCK CO,WNNK397,451.95,,0,,88.5,88.5,23,NN,FM,5,,BUCKLEY & CO INC,,,,
69,U PENN,WNPH229,464.725,,0,,88.5,88.5,23,NN,FM,5,,UNIVERSITY OF PENNSYLVANIA,,,,
70,PHILLY,WNRD678,159.21,,0,,88.5,88.5,23,NN,FM,5,,"PHILADELPHIA, CITY OF",,,,
71,UPOLICE,WNYM895,461.475,,0,,88.5,88.5,23,NN,FM,5,,UNIVERSITY OF PENNSYLVANIA POLICE,,,,
72,PENN HO,WPAR843,461.925,,0,,88.5,88.5,23,NN,FM,5,,HOSPITAL OF THE UNIVERSITY OF PENN,,,,
73,NA RAIL,WPBY303,452.9,,0,,88.5,88.5,23,NN,FM,5,,National Railroad Passenger Corporation,,,,
74,NA RAIL,WPCA504,160.65,,0,,88.5,88.5,23,NN,FM,5,,National Railroad Passenger Corporation,,,,
75,TJ UNIV,WPDA593,456.6875,,0,,88.5,88.5,23,NN,FM,5,,THOMAS JEFFERSON UNIVERSITY,,,,
76,TJ UNIV,WPDA593,461.1,,0,,88.5,88.5,23,NN,FM,5,,THOMAS JEFFERSON UNIVERSITY,,,,
77,TJ UNIV,WPDA593,461.7,,0,,88.5,88.5,23,NN,FM,5,,THOMAS JEFFERSON UNIVERSITY,,,,
78,TJ UNIV,WPDA593,462.1,,0,,88.5,88.5,23,NN,FM,5,,THOMAS JEFFERSON UNIVERSITY,,,,
79,TJ UNIV,WPDA593,463.625,,0,,88.5,88.5,23,NN,FM,5,,THOMAS JEFFERSON UNIVERSITY,,,,
80,TJ UNIV,WPDA593,464.35,,0,,88.5,88.5,23,NN,FM,5,,THOMAS JEFFERSON UNIVERSITY,,,,
81,TJ UNIV,WPDA593,464.625,,0,,88.5,88.5,23,NN,FM,5,,THOMAS JEFFERSON UNIVERSITY,,,,
82,CSX TRN,WPEG479,452.9,,0,,88.5,88.5,23,NN,FM,5,,CSX TRANSPORTATION,,,,
83,PECO,WPEH419,154.464,,0,,88.5,88.5,23,NN,FM,5,,PECO ENERGY COMPANY,,,,
84,LFD CO,WPFM499,463.75,,0,,88.5,88.5,23,NN,FM,5,,"L. F. Driscoll Company, LLC",,,,
85,MERCY H,WPFS812,452.1375,,0,,88.5,88.5,23,NN,FM,5,,MERCY FITZGERALD HOSPITAL,,,,
86,MERCY H,WPFS812,464.0625,,0,,88.5,88.5,23,NN,FM,5,,MERCY FITZGERALD HOSPITAL,,,,
87,MERCY H,WPFU597,464.925,,0,,88.5,88.5,23,NN,FM,5,,YEADON FIRE COMPANY 1 INC,,,,
88,NA RAIL,WPIV901,160.425,,0,,88.5,88.5,23,NN,FM,5,,National Railroad Passenger Corporation,,,,
89,LFD CO,WPIV944,461.875,,0,,88.5,88.5,23,NN,FM,5,,"L. F. Driscoll Company, LLC",,,,
90,LFD CO,WPIV944,464.575,,0,,88.5,88.5,23,NN,FM,5,,"L. F. Driscoll Company, LLC",,,,
91,SEPTA,WPKC903,502.7375,,0,,88.5,88.5,23,NN,FM,5,,SOUTHEASTERN PENNSYLVANIA TRANSPORTATION AUTHORITY,,,,
92,SEPTA,WPKC903,502.7875,,0,,88.5,88.5,23,NN,FM,5,,SOUTHEASTERN PENNSYLVANIA TRANSPORTATION AUTHORITY,,,,
93,PESRM C,WPLF350,451.475,,0,,88.5,88.5,23,NN,FM,5,,Philadelphia Energy Solutions Refining and Marketing LLC,,,,
94,PESRM C,WPLF350,452.325,,0,,88.5,88.5,23,NN,FM,5,,Philadelphia Energy Solutions Refining and Marketing LLC,,,,
95,PESRM C,WPLF350,452.425,,0,,88.5,88.5,23,NN,FM,5,,Philadelphia Energy Solutions Refining and Marketing LLC,,,,
96,PESRM C,WPLF350,452.7,,0,,88.5,88.5,23,NN,FM,5,,Philadelphia Energy Solutions Refining and Marketing LLC,,,,
97,PESRM C,WPLF350,452.8,,0,,88.5,88.5,23,NN,FM,5,,Philadelphia Energy Solutions Refining and Marketing LLC,,,,
98,PESRM C,WPLF350,462.075,,0,,88.5,88.5,23,NN,FM,5,,Philadelphia Energy Solutions Refining and Marketing LLC,,,,
99,UP LIB,WPNR727,452.425,,0,,88.5,88.5,23,NN,FM,5,,UNIV OF PA VAN PELT DIETRICH LIB CENTER,,,,
100,AP INC,WPOC233,464.775,,0,,88.5,88.5,23,NN,FM,5,,ACADEMIC PROPERTIES INC.,,,,
101,TRIGEN,WPPC937,452.675,,0,,88.5,88.5,23,NN,FM,5,,TRIGEN- PHILADELPHIA ENERGY CORP,,,,
102,TRIGEN,WPPC937,463.6875,,0,,88.5,88.5,23,NN,FM,5,,TRIGEN- PHILADELPHIA ENERGY CORP,,,,
103,NA RAIL,WPQD729,161.445,,0,,88.5,88.5,23,NN,FM,5,,National Railroad Passenger Corporation,,,,
104,NA RAIL,WPQE949,160.635,,0,,88.5,88.5,23,NN,FM,5,,National Railroad Passenger Corporation,,,,
105,NA RAIL,WPQE949,160.92,,0,,88.5,88.5,23,NN,FM,5,,National Railroad Passenger Corporation,,,,
106,NA RAIL,WPQE950,160.92,,0,,88.5,88.5,23,NN,FM,5,,National Railroad Passenger Corporation,,,,
107,NA RAIL,WPQE950,161.205,,0,,88.5,88.5,23,NN,FM,5,,National Railroad Passenger Corporation,,,,
108,NA RAIL,WPQE950,161.295,,0,,88.5,88.5,23,NN,FM,5,,National Railroad Passenger Corporation,,,,
109,U PENN,WPRG334,502.1625,,0,,88.5,88.5,23,NN,FM,5,,UNIVERSITY OF PENNSYLVANIA,,,,
110,YEADON,WPRI834,463.2125,,0,,88.5,88.5,23,NN,FM,5,,YEADON,,,,
111,YEADON,WPRI834,468.2125,,0,,88.5,88.5,23,NN,FM,5,,YEADON,,,,
112,NA RAIL,WPRS375,160.92,,0,,88.5,88.5,23,NN,FM,5,,National Railroad Passenger Corporation,,,,
113,WASTE,WPSH682,462.1375,,0,,88.5,88.5,23,NN,FM,5,,WASTE MANAGEMENT HOLDINGS INC.,,,,
114,WASTE,WPSH682,462.1875,,0,,88.5,88.5,23,NN,FM,5,,WASTE MANAGEMENT HOLDINGS INC.,,,,
115,WASTE,WPSH682,467.1375,,0,,88.5,88.5,23,NN,FM,5,,WASTE MANAGEMENT HOLDINGS INC.,,,,
116,WASTE,WPSH682,467.1875,,0,,88.5,88.5,23,NN,FM,5,,WASTE MANAGEMENT HOLDINGS INC.,,,,
117,NA RAIL,WPSR234,160.635,,0,,88.5,88.5,23,NN,FM,5,,National Railroad Passenger Corporation,,,,
118,COM EDU,WPTN366,463.475,,0,,88.5,88.5,23,NN,FM,5,,COMMUNITY COLLEGE OF PHILADELPHIA,,,,
119,COM EDU,WPTN366,468.475,,0,,88.5,88.5,23,NN,FM,5,,COMMUNITY COLLEGE OF PHILADELPHIA,,,,
120,NA RAIL,WPTU935,457.425,,0,,88.5,88.5,23,NN,FM,5,,National Railroad Passenger Corporation,,,,
121,NA RAIL,WPTU935,457.9625,,0,,88.5,88.5,23,NN,FM,5,,National Railroad Passenger Corporation,,,,
122,NA RAIL,WPTZ984,151.655,,0,,88.5,88.5,23,NN,FM,5,,National Railroad Passenger Corporation,,,,
123,NA RAIL,WPTZ984,159.8325,,0,,88.5,88.5,23,NN,FM,5,,National Railroad Passenger Corporation,,,,
124,NA RAIL,WPTZ984,159.93,,0,,88.5,88.5,23,NN,FM,5,,National Railroad Passenger Corporation,,,,
125,NA RAIL,WPUS202,160.815,,0,,88.5,88.5,23,NN,FM,5,,National Railroad Passenger Corporation,,,,
126,CEMETRY,WPWJ984,157.725,,0,,88.5,88.5,23,NN,FM,5,,Archdiocese of Philadelphia Catholic Cemeteries,,,,
127,HILTON,WPWY518,452.1375,,0,,88.5,88.5,23,NN,FM,5,,THE TRUSTEES OF THE UNIV. OF PA. HILTON HOTELS CORP.AS MANAGING AGENT,,,,
128,HILTON,WPWY518,456.1875,,0,,88.5,88.5,23,NN,FM,5,,THE TRUSTEES OF THE UNIV. OF PA. HILTON HOTELS CORP.AS MANAGING AGENT,,,,
129,HILTON,WPWY518,456.3875,,0,,88.5,88.5,23,NN,FM,5,,THE TRUSTEES OF THE UNIV. OF PA. HILTON HOTELS CORP.AS MANAGING AGENT,,,,
130,HILTON,WPWY518,456.4625,,0,,88.5,88.5,23,NN,FM,5,,THE TRUSTEES OF THE UNIV. OF PA. HILTON HOTELS CORP.AS MANAGING AGENT,,,,
131,HILTON,WPWY518,456.5875,,0,,88.5,88.5,23,NN,FM,5,,THE TRUSTEES OF THE UNIV. OF PA. HILTON HOTELS CORP.AS MANAGING AGENT,,,,
132,HILTON,WPWY518,457.0875,,0,,88.5,88.5,23,NN,FM,5,,THE TRUSTEES OF THE UNIV. OF PA. HILTON HOTELS CORP.AS MANAGING AGENT,,,,
133,SEPTA,WPYQ303,160.35,,0,,88.5,88.5,23,NN,FM,5,,SOUTHEASTERN PENNSYLVANIA TRANSPORTATION AUTHORITY,,,,
134,SEPTA,WPYQ303,161.175,,0,,88.5,88.5,23,NN,FM,5,,SOUTHEASTERN PENNSYLVANIA TRANSPORTATION AUTHORITY,,,,
135,CSX TRN,WPYZ730,452.9125,,0,,88.5,88.5,23,NN,FM,5,,CSX TRANSPORTATION,,,,
136,CSX TRN,WPYZ730,452.925,,0,,88.5,88.5,23,NN,FM,5,,CSX TRANSPORTATION,,,,
137,CSX TRN,WPYZ730,452.95,,0,,88.5,88.5,23,NN,FM,5,,CSX TRANSPORTATION,,,,
138,CSX TRN,WPYZ730,452.9625,,0,,88.5,88.5,23,NN,FM,5,,CSX TRANSPORTATION,,,,
139,CSX TRN,WPYZ730,457.9125,,0,,88.5,88.5,23,NN,FM,5,,CSX TRANSPORTATION,,,,
140,CSX TRN,WPYZ730,457.925,,0,,88.5,88.5,23,NN,FM,5,,CSX TRANSPORTATION,,,,
141,CSX TRN,WPYZ730,457.95,,0,,88.5,88.5,23,NN,FM,5,,CSX TRANSPORTATION,,,,
142,CSX TRN,WPYZ730,457.9625,,0,,88.5,88.5,23,NN,FM,5,,CSX TRANSPORTATION,,,,
143,PESRM C,WQAR364,463.7625,,0,,88.5,88.5,23,NN,FM,5,,Philadelphia Energy Solutions Refining and Marketing LLC,,,,
144,PESRM C,WQAR364,468.7625,,0,,88.5,88.5,23,NN,FM,5,,Philadelphia Energy Solutions Refining and Marketing LLC,,,,
145,LFD CO,WQAU805,451.9625,,0,,88.5,88.5,23,NN,FM,5,,"L. F. Driscoll Company, LLC",,,,
146,LFD CO,WQAU805,456.9625,,0,,88.5,88.5,23,NN,FM,5,,"L. F. Driscoll Company, LLC",,,,
147,LFD CO,WQAW957,451.325,,0,,88.5,88.5,23,NN,FM,5,,"L. F. Driscoll Company, LLC",,,,
148,LFD CO,WQAW957,456.325,,0,,88.5,88.5,23,NN,FM,5,,"L. F. Driscoll Company, LLC",,,,
149,PENNMED,WQBG508,451.9875,,0,,88.5,88.5,23,NN,FM,5,,University of Pennsylvania Medical Center,,,,
150,PENNMED,WQBG508,452.25,,0,,88.5,88.5,23,NN,FM,5,,University of Pennsylvania Medical Center,,,,
151,PENNMED,WQBG508,461.15,,0,,88.5,88.5,23,NN,FM,5,,University of Pennsylvania Medical Center,,,,
152,PENNMED,WQBG508,461.5125,,0,,88.5,88.5,23,NN,FM,5,,University of Pennsylvania Medical Center,,,,
153,PENNMED,WQBG508,463.7375,,0,,88.5,88.5,23,NN,FM,5,,University of Pennsylvania Medical Center,,,,
154,SEPTA,WQBP879,502.7375,,0,,88.5,88.5,23,NN,FM,5,,SOUTHEASTERN PENNSYLVANIA TRANSPORTATION AUTHORITY,,,,
155,SEPTA,WQBP879,502.7875,,0,,88.5,88.5,23,NN,FM,5,,SOUTHEASTERN PENNSYLVANIA TRANSPORTATION AUTHORITY,,,,
156,SEPTA,WQBT410,502.6875,,0,,88.5,88.5,23,NN,FM,5,,SOUTHEASTERN PENNSYLVANIA TRANSPORTATION AUTHORITY,,,,
157,COMMPAT,WQCU487,506.4625,,0,,88.5,88.5,23,NN,FM,5,,"Commpaths, LLC",,,,
158,BRANDY,WQDY308,451.3625,,0,,88.5,88.5,23,NN,FM,5,,"BRANDYWINE CIRA, L.P.",,,,
159,BRANDY,WQDY308,462.2875,,0,,88.5,88.5,23,NN,FM,5,,"BRANDYWINE CIRA, L.P.",,,,
160,PHL ART,WQEL654,462.775,,0,,88.5,88.5,23,NN,FM,5,,PHILADELPHIA MUSEUM OF ART INC,,,,
161,PHL ART,WQEL654,463.8625,,0,,88.5,88.5,23,NN,FM,5,,PHILADELPHIA MUSEUM OF ART INC,,,,
162,PHL ART,WQEL654,464.4125,,0,,88.5,88.5,23,NN,FM,5,,PHILADELPHIA MUSEUM OF ART INC,,,,
163,PHL ART,WQEL654,464.875,,0,,88.5,88.5,23,NN,FM,5,,PHILADELPHIA MUSEUM OF ART INC,,,,
164,PHL ART,WQEL654,464.9375,,0,,88.5,88.5,23,NN,FM,5,,PHILADELPHIA MUSEUM OF ART INC,,,,
165,S HOTEL,WQEX873,461.35,,0,,88.5,88.5,23,NN,FM,5,,SHERATON UNIVERSITY HOTEL,,,,
166,CHESTNT,WQFH622,461.5125,,0,,88.5,88.5,23,NN,FM,5,,2400 Chestnut Associates,,,,
167,CHESTNT,WQFH622,463.3375,,0,,88.5,88.5,23,NN,FM,5,,2400 Chestnut Associates,,,,
168,CHESTNT,WQFH622,464.4375,,0,,88.5,88.5,23,NN,FM,5,,2400 Chestnut Associates,,,,
169,CHESTNT,WQFH622,464.8875,,0,,88.5,88.5,23,NN,FM,5,,2400 Chestnut Associates,,,,
170,CHESTNT,WQFH622,466.5125,,0,,88.5,88.5,23,NN,FM,5,,2400 Chestnut Associates,,,,
171,U CITY,WQGB543,451.8875,,0,,88.5,88.5,23,NN,FM,5,,University City District,,,,
172,FIRE CO,WQGC202,462.35,,0,,88.5,88.5,23,NN,FM,5,,MILLBOURNE FIRE COMPANY,,,,
173,PARK CO,WQGN770,451.4375,,0,,88.5,88.5,23,NN,FM,5,,RESEARCH PARK INC.,,,,
174,LFD CO,WQGY243,452.4,,0,,88.5,88.5,23,NN,FM,5,,"L. F. Driscoll Company, LLC",,,,
175,BARNES,WQJL285,466.95,,0,,88.5,88.5,23,NN,FM,5,,THE BARNES FOUNDATION,,,,
176,BARNES,WQJL285,468.85,,0,,88.5,88.5,23,NN,FM,5,,THE BARNES FOUNDATION,,,,
177,BARNES,WQJL285,469.15,,0,,88.5,88.5,23,NN,FM,5,,THE BARNES FOUNDATION,,,,
178,BARNES,WQJL285,469.3,,0,,88.5,88.5,23,NN,FM,5,,THE BARNES FOUNDATION,,,,
179,BARNES,WQJL285,469.6,,0,,88.5,88.5,23,NN,FM,5,,THE BARNES FOUNDATION,,,,
180,EXELON,WQKQ596,451.0875,,0,,88.5,88.5,23,NN,FM,5,,"EXELON GENERATION COMPANY, LLC",,,,
181,EXELON,WQKQ596,451.6875,,0,,88.5,88.5,23,NN,FM,5,,"EXELON GENERATION COMPANY, LLC",,,,
182,BELMONT,WQNP504,467.2125,,0,,88.5,88.5,23,NN,FM,5,,BELMONT CHARTER SCHOOL,,,,
183,BELMONT,WQNP504,467.2625,,0,,88.5,88.5,23,NN,FM,5,,BELMONT CHARTER SCHOOL,,,,
184,PENN HO,WQPA658,157.45,,0,,88.5,88.5,23,NN,FM,5,,HOSPITAL OF THE UNIVERSITY OF PENNSYLVANIA,,,,
185,CHESTNT,WQSR577,464.1375,,0,,88.5,88.5,23,NN,FM,5,,2116 CHESTNUT HOLDINGS LLC,,,,
186,SR FOOD,WQTT724,462.2625,,0,,88.5,88.5,23,NN,FM,5,,STATE ROAD FOODS LLC,,,,
187,SR FOOD,WQTT724,462.3125,,0,,88.5,88.5,23,NN,FM,5,,STATE ROAD FOODS LLC,,,,
188,SR FOOD,WQTT724,462.3875,,0,,88.5,88.5,23,NN,FM,5,,STATE ROAD FOODS LLC,,,,
189,SR FOOD,WQTT724,462.4375,,0,,88.5,88.5,23,NN,FM,5,,STATE ROAD FOODS LLC,,,,
190,SR FOOD,WQTT724,467.3875,,0,,88.5,88.5,23,NN,FM,5,,STATE ROAD FOODS LLC,,,,
191,SR FOOD,WQTT724,467.4375,,0,,88.5,88.5,23,NN,FM,5,,STATE ROAD FOODS LLC,,,,
192,WISTAR,WQUY445,463.3625,,0,,88.5,88.5,23,NN,FM,5,,THE WISTAR INSTITUTE,,,,
193,KINDER,WQVE608,467.375,,0,,88.5,88.5,23,NN,FM,5,,"KINDER MORGAN, INC.",,,,
194,KINDER,WQVE608,469.25,,0,,88.5,88.5,23,NN,FM,5,,"KINDER MORGAN, INC.",,,,
195,ROSEMNT,WQVL719,461.45,,0,,88.5,88.5,23,NN,FM,5,,"Rosemont 2000 Market Operating, LLC",,,,
196,RH PLZA,WQWG829,452.075,,0,,88.5,88.5,23,NN,FM,5,,"RITTENHOUSE PLAZA, INC.",,,,
197,RH PLZA,WQWG829,456.975,,0,,88.5,88.5,23,NN,FM,5,,"RITTENHOUSE PLAZA, INC.",,,,
198,RH PLZA,WQWG829,464.1875,,0,,88.5,88.5,23,NN,FM,5,,"RITTENHOUSE PLAZA, INC.",,,,
199,RH PLZA,WQWG829,466.2,,0,,88.5,88.5,23,NN,FM,5,,"RITTENHOUSE PLAZA, INC.",,,,
200,RH PLZA,WQWG829,468.35,,0,,88.5,88.5,23,NN,FM,5,,"RITTENHOUSE PLAZA, INC.",,,,
201,N CONDO,WQWK386,464.8375,,0,,88.5,88.5,23,NN,FM,5,,NAVAL SQUARE CONDOMINIUMS,,,,
202,UPENN T,WQWP959,151.865,,0,,88.5,88.5,23,NN,FM,5,,TRUSTEES OF THE UNIVERSITY OF PENNSYLVANIA,,,,
203,RH ASSO,WQWW415,456.3875,,0,,88.5,88.5,23,NN,FM,5,,RITTENHOUSE SAVOY OWNERS ASSOCIATION,,,,
204,RH ASSO,WQWW415,457.8375,,0,,88.5,88.5,23,NN,FM,5,,RITTENHOUSE SAVOY OWNERS ASSOCIATION,,,,
205,RH ASSO,WQWW415,467.4875,,0,,88.5,88.5,23,NN,FM,5,,RITTENHOUSE SAVOY OWNERS ASSOCIATION,,,,
206,AD REAL,WQXG270,451.3375,,0,,88.5,88.5,23,NN,FM,5,,Allan Domb Real Estate,,,,
207,AD REAL,WQXG270,451.5375,,0,,88.5,88.5,23,NN,FM,5,,Allan Domb Real Estate,,,,
208,AD REAL,WQXG270,451.6375,,0,,88.5,88.5,23,NN,FM,5,,Allan Domb Real Estate,,,,
209,AD REAL,WQXG270,456.3375,,0,,88.5,88.5,23,NN,FM,5,,Allan Domb Real Estate,,,,
210,AD REAL,WQXG270,456.5375,,0,,88.5,88.5,23,NN,FM,5,,Allan Domb Real Estate,,,,
211,84 WILL,WQXM444,456.6625,,0,,88.5,88.5,23,NN,FM,5,,84 WILLIAM STREET JV LLC,,,,
212,85 WILL,WQXM444,457.4875,,0,,88.5,88.5,23,NN,FM,5,,84 WILLIAM STREET JV LLC,,,,
213,86 WILL,WQXM444,467.1875,,0,,88.5,88.5,23,NN,FM,5,,84 WILLIAM STREET JV LLC,,,,
214,IMPARK,WQXP515,452.05,,0,,88.5,88.5,23,NN,FM,5,,IMPARK,,,,
215,IMPARK,WQXP515,457.2375,,0,,88.5,88.5,23,NN,FM,5,,IMPARK,,,,
216,IMPARK,WQXP515,466.4125,,0,,88.5,88.5,23,NN,FM,5,,IMPARK,,,,
217,IMPARK,WQXP515,467.15,,0,,88.5,88.5,23,NN,FM,5,,IMPARK,,,,
218,IMPARK,WQXP515,469.425,,0,,88.5,88.5,23,NN,FM,5,,IMPARK,,,,
219,IMPARK,WQXP515,469.65,,0,,88.5,88.5,23,NN,FM,5,,IMPARK,,,,
220,ST IGNT,WQXT221,462.875,,0,,88.5,88.5,23,NN,FM,5,,ST. IGNATIUS NURSING AND REHAB CENTER,,,,
221,ST IGNT,WQXT221,465,,0,,88.5,88.5,23,NN,FM,5,,ST. IGNATIUS NURSING AND REHAB CENTER,,,,
222,CHILD H,WQXU817,451.3125,,0,,88.5,88.5,23,NN,FM,5,,THE CHILDRENS HOSPITAL OF PHILADELPHIA,,,,
223,CHILD H,WQXU817,451.3375,,0,,88.5,88.5,23,NN,FM,5,,THE CHILDRENS HOSPITAL OF PHILADELPHIA,,,,
224,CHILD H,WQXU817,451.4125,,0,,88.5,88.5,23,NN,FM,5,,THE CHILDRENS HOSPITAL OF PHILADELPHIA,,,,
225,CHILD H,WQXU817,451.4375,,0,,88.5,88.5,23,NN,FM,5,,THE CHILDRENS HOSPITAL OF PHILADELPHIA,,,,
226,CHILD H,WQXU817,452.0375,,0,,88.5,88.5,23,NN,FM,5,,THE CHILDRENS HOSPITAL OF PHILADELPHIA,,,,
227,CHILD H,WQXU817,452.0875,,0,,88.5,88.5,23,NN,FM,5,,THE CHILDRENS HOSPITAL OF PHILADELPHIA,,,,
228,CHILD H,WQXU817,452.1125,,0,,88.5,88.5,23,NN,FM,5,,THE CHILDRENS HOSPITAL OF PHILADELPHIA,,,,
229,CHILD H,WQXU817,452.1625,,0,,88.5,88.5,23,NN,FM,5,,THE CHILDRENS HOSPITAL OF PHILADELPHIA,,,,
230,CHILD H,WQXU817,452.1875,,0,,88.5,88.5,23,NN,FM,5,,THE CHILDRENS HOSPITAL OF PHILADELPHIA,,,,
231,CHILD H,WQXU817,452.2875,,0,,88.5,88.5,23,NN,FM,5,,THE CHILDRENS HOSPITAL OF PHILADELPHIA,,,,
232,CHILD H,WQXU817,452.7125,,0,,88.5,88.5,23,NN,FM,5,,THE CHILDRENS HOSPITAL OF PHILADELPHIA,,,,
233,CHILD H,WQXU817,452.725,,0,,88.5,88.5,23,NN,FM,5,,THE CHILDRENS HOSPITAL OF PHILADELPHIA,,,,
234,CHILD H,WQXU817,452.85,,0,,88.5,88.5,23,NN,FM,5,,THE CHILDRENS HOSPITAL OF PHILADELPHIA,,,,
235,CHILD H,WQXU817,457.7125,,0,,88.5,88.5,23,NN,FM,5,,THE CHILDRENS HOSPITAL OF PHILADELPHIA,,,,
236,CHILD H,WQXU817,461.05,,0,,88.5,88.5,23,NN,FM,5,,THE CHILDRENS HOSPITAL OF PHILADELPHIA,,,,
237,CHILD H,WQXU817,461.9375,,0,,88.5,88.5,23,NN,FM,5,,THE CHILDRENS HOSPITAL OF PHILADELPHIA,,,,
238,CHILD H,WQXU817,462.15,,0,,88.5,88.5,23,NN,FM,5,,THE CHILDRENS HOSPITAL OF PHILADELPHIA,,,,
239,CHILD H,WQXU817,463.35,,0,,88.5,88.5,23,NN,FM,5,,THE CHILDRENS HOSPITAL OF PHILADELPHIA,,,,
240,CHILD H,WQXU817,463.3875,,0,,88.5,88.5,23,NN,FM,5,,THE CHILDRENS HOSPITAL OF PHILADELPHIA,,,,
241,CHILD H,WQXU817,463.4125,,0,,88.5,88.5,23,NN,FM,5,,THE CHILDRENS HOSPITAL OF PHILADELPHIA,,,,
242,CHILD H,WQXU817,463.4375,,0,,88.5,88.5,23,NN,FM,5,,THE CHILDRENS HOSPITAL OF PHILADELPHIA,,,,
243,CHILD H,WQXU817,463.575,,0,,88.5,88.5,23,NN,FM,5,,THE CHILDRENS HOSPITAL OF PHILADELPHIA,,,,
244,CHILD H,WQXU817,463.5875,,0,,88.5,88.5,23,NN,FM,5,,THE CHILDRENS HOSPITAL OF PHILADELPHIA,,,,
245,CHILD H,WQXU817,463.775,,0,,88.5,88.5,23,NN,FM,5,,THE CHILDRENS HOSPITAL OF PHILADELPHIA,,,,
246,CHILD H,WQXU817,463.85,,0,,88.5,88.5,23,NN,FM,5,,THE CHILDRENS HOSPITAL OF PHILADELPHIA,,,,
247,CHILD H,WQXU817,463.8875,,0,,88.5,88.5,23,NN,FM,5,,THE CHILDRENS HOSPITAL OF PHILADELPHIA,,,,
248,CHILD H,WQXU817,463.975,,0,,88.5,88.5,23,NN,FM,5,,THE CHILDRENS HOSPITAL OF PHILADELPHIA,,,,
249,CHILD H,WQXU817,464.45,,0,,88.5,88.5,23,NN,FM,5,,THE CHILDRENS HOSPITAL OF PHILADELPHIA,,,,
250,CHILD H,WQXU817,468.4375,,0,,88.5,88.5,23,NN,FM,5,,THE CHILDRENS HOSPITAL OF PHILADELPHIA,,,,
251,PRS MED,WQXV597,453,,0,,88.5,88.5,23,NN,FM,5,,PRESBYTERIAN MEDICAL CENTER,,,,
252,PRS MED,WQXV597,461.5375,,0,,88.5,88.5,23,NN,FM,5,,PRESBYTERIAN MEDICAL CENTER,,,,
253,PRS MED,WQXV597,461.725,,0,,88.5,88.5,23,NN,FM,5,,PRESBYTERIAN MEDICAL CENTER,,,,
254,LFD CO,WQYQ269,464.225,,0,,88.5,88.5,23,NN,FM,5,,"L. F. Driscoll Company, LLC",,,,
255,U SCI,WQYV504,461.6625,,0,,88.5,88.5,23,NN,FM,5,,University of the Sciences,,,,
256,U SCI,WQYV504,463.275,,0,,88.5,88.5,23,NN,FM,5,,University of the Sciences,,,,
257,U SCI,WQYV504,463.4625,,0,,88.5,88.5,23,NN,FM,5,,University of the Sciences,,,,
258,U SCI,WQYV504,464.0125,,0,,88.5,88.5,23,NN,FM,5,,University of the Sciences,,,,
259,U SCI,WQYV504,464.8125,,0,,88.5,88.5,23,NN,FM,5,,University of the Sciences,,,,
260,U SCI,WQYV504,466.6625,,0,,88.5,88.5,23,NN,FM,5,,University of the Sciences,,,,
261,U SCI,WQYV504,468.275,,0,,88.5,88.5,23,NN,FM,5,,University of the Sciences,,,,
262,LIBRARY,WQZJ306,463.4125,,0,,88.5,88.5,23,NN,FM,5,,FREE LIBRARY OF PHILADELPHIA,,,,
263,NV WELL,WRAE439,464.0375,,0,,88.5,88.5,23,NN,FM,5,,NEW VITAE WELLNESS AND RECOVERY,,,,
264,NV WELL,WRAE439,464.1125,,0,,88.5,88.5,23,NN,FM,5,,NEW VITAE WELLNESS AND RECOVERY,,,,
265,NV WELL,WRAE439,464.3375,,0,,88.5,88.5,23,NN,FM,5,,NEW VITAE WELLNESS AND RECOVERY,,,,
266,NV WELL,WRAE439,469.0375,,0,,88.5,88.5,23,NN,FM,5,,NEW VITAE WELLNESS AND RECOVERY,,,,
267,NV WELL,WRAE439,469.1125,,0,,88.5,88.5,23,NN,FM,5,,NEW VITAE WELLNESS AND RECOVERY,,,,
268,FEDEX,WRAN815,469.6875,,0,,88.5,88.5,23,NN,FM,5,,Fed Ex Documents,,,,
269,POST BR,WRAW214,451.4625,,0,,88.5,88.5,23,NN,FM,5,,POST BROTHERS,,,,
270,POST BR,WRAW214,452.1125,,0,,88.5,88.5,23,NN,FM,5,,POST BROTHERS,,,,
271,POST BR,WRAW214,452.8375,,0,,88.5,88.5,23,NN,FM,5,,POST BROTHERS,,,,
272,POST BR,WRAW214,456.4625,,0,,88.5,88.5,23,NN,FM,5,,POST BROTHERS,,,,
273,POST BR,WRAW214,457.3125,,0,,88.5,88.5,23,NN,FM,5,,POST BROTHERS,,,,
274,POST BR,WRAW214,467.3375,,0,,88.5,88.5,23,NN,FM,5,,POST BROTHERS,,,,
275,REPEAT,WRBM433,501.0875,,0,,88.5,88.5,23,NN,FM,5,,"Repeater Network, LLC",,,,
276,ACC,WRBT655,451.9125,,0,,88.5,88.5,23,NN,FM,5,,American Campus Communities,,,,
277,ACC,WRBT655,461.775,,0,,88.5,88.5,23,NN,FM,5,,American Campus Communities,,,,
278,ACC,WRBT655,462.2375,,0,,88.5,88.5,23,NN,FM,5,,American Campus Communities,,,,
279,ACC,WRBT655,466.775,,0,,88.5,88.5,23,NN,FM,5,,American Campus Communities,,,,
280,ACC,WRBT655,467.2375,,0,,88.5,88.5,23,NN,FM,5,,American Campus Communities,,,,
281,NA RAIL,WSC434,159.9,,0,,88.5,88.5,23,NN,FM,5,,National Railroad Passenger Corporation,,,,
282,NA RAIL,WSC434,161.505,,0,,88.5,88.5,23,NN,FM,5,,National Railroad Passenger Corporation,,,,
